molecule,functional,lambda_abs_max,solvent
PTZ_1,M062X,271.07,DMAC
PTZ_1,B2PLYP,304.3,DMAC
PTZ_1,TDHF,229.49,DMAC
PTZ_1,B97D3,371.12,DMAC
PTZ_1,B3LYP-D3,314.9,DMAC
PTZ_1,DSD-BLYP,371.9,DMAC
PTZ_1,CAM-B3LYP-D3,268.68,DMAC
PTZ_1,$\omega$-PBEPP86,275.1,DMAC
PTZ_1,PBE-D3,380.23,DMAC
PTZ_1,$\omega$-B97XD,266.45,DMAC
PTZ_1,SCS-PBE-QIDH,284.7,DMAC
PTZ_1,TPSS,363.59,DMAC
PTZ_1,M06,300.21,DMAC
PTZ_1,M06L,342.98,DMAC
PTZ_1,B2GP-PLYP,288.8,DMAC
PTZ_1,$\omega$-B2PLYP,265.3,DMAC
CA_2,CAM-B3LYP-D3,367.13,acetonitrile
CA_2,B2GP-PLYP,422.9,acetonitrile
CA_2,$\omega$-B97XD,365.18,acetonitrile
CA_2,$\omega$-B2PLYP,365.1,acetonitrile
CA_2,B3LYP-D3,452.08,acetonitrile
CA_2,TPSS,559.3,acetonitrile
CA_2,SCS-PBE-QIDH,420.7,acetonitrile
CA_2,B97D3,568.33,acetonitrile
CA_2,TDHF,268.21,acetonitrile
CA_2,PBE-D3,578.12,acetonitrile
CA_2,B2PLYP,443.6,acetonitrile
CA_2,M06L,509.91,acetonitrile
CA_2,$\omega$-PBEPP86,405.3,acetonitrile
CA_2,DSD-BLYP,824.9,acetonitrile
CA_2,M06,422.56,acetonitrile
CA_2,M062X,372.92,acetonitrile
NCE_3,PBE-D3,477.3,acetonitrile
NCE_3,M06,372.18,acetonitrile
NCE_3,B2GP-PLYP,338.3,acetonitrile
NCE_3,TPSS,460.09,acetonitrile
NCE_3,$\omega$-B2PLYP,320.1,acetonitrile
NCE_3,TDHF,297.7,acetonitrile
NCE_3,CAM-B3LYP-D3,327.6,acetonitrile
NCE_3,$\omega$-PBEPP86,322.1,acetonitrile
NCE_3,B97D3,472.65,acetonitrile
NCE_3,B3LYP-D3,383.63,acetonitrile
NCE_3,M06L,429.52,acetonitrile
NCE_3,$\omega$-B97XD,322.36,acetonitrile
NCE_3,STEOM-DLPNO-CCSD,357.3,acetonitrile
NCE_3,DSD-BLYP,369.6,acetonitrile
NCE_3,M062X,326.13,acetonitrile
NCE_3,B2PLYP,351.8,acetonitrile
NCE_3,SCS-PBE-QIDH,336.7,acetonitrile
Ph-Acr_2,STEOM-DLPNO-CCSD,502.4,acetonitrile
Ph-Acr_2,B2PLYP,476.4,acetonitrile
Ph-Acr_2,TDHF,324.01,acetonitrile
Ph-Acr_2,M06,459.5,acetonitrile
Ph-Acr_2,DSD-BLYP,803.2,acetonitrile
Ph-Acr_2,$\omega$-B97XD,407.46,acetonitrile
Ph-Acr_2,B2GP-PLYP,462.1,acetonitrile
Ph-Acr_2,B3LYP-D3,473.89,acetonitrile
Ph-Acr_2,TPSS,539.25,acetonitrile
Ph-Acr_2,PBE-D3,557.1,acetonitrile
Ph-Acr_2,B97D3,550.12,acetonitrile
Ph-Acr_2,SCS-PBE-QIDH,467.0,acetonitrile
Ph-Acr_2,CAM-B3LYP-D3,408.77,acetonitrile
Ph-Acr_2,M062X,410.1,acetonitrile
Ph-Acr_2,$\omega$-PBEPP86,448.8,acetonitrile
Ph-Acr_2,M06L,505.35,acetonitrile
Ph-Acr_2,$\omega$-B2PLYP,411.4,acetonitrile
POZ_5,$\omega$-PBEPP86,364.2,DMAC
POZ_5,$\omega$-B97XD,343.04,DMAC
POZ_5,M062X,355.29,DMAC
POZ_5,TPSS,541.33,DMAC
POZ_5,CAM-B3LYP-D3,356.41,DMAC
POZ_5,B2PLYP,415.7,DMAC
POZ_5,M06L,515.94,DMAC
POZ_5,PBE-D3,564.28,DMAC
POZ_5,SCS-PBE-QIDH,384.6,DMAC
POZ_5,TDHF,283.89,DMAC
POZ_5,B3LYP-D3,436.94,DMAC
POZ_5,B2GP-PLYP,389.6,DMAC
POZ_5,M06,415.83,DMAC
POZ_5,B97D3,548.05,DMAC
POZ_5,$\omega$-B2PLYP,349.6,DMAC
POZ_5,DSD-BLYP,521.2,DMAC
BOH-Acr_m,SCS-PBE-QIDH,421.4,acetonitrile
BOH-Acr_m,PBE-D3,663.53,acetonitrile
BOH-Acr_m,B3LYP-D3,458.59,acetonitrile
BOH-Acr_m,DSD-BLYP,611.9,acetonitrile
BOH-Acr_m,$\omega$-B97XD,371.1,acetonitrile
BOH-Acr_m,TDHF,310.37,acetonitrile
BOH-Acr_m,M062X,377.23,acetonitrile
BOH-Acr_m,$\omega$-PBEPP86,406.9,acetonitrile
BOH-Acr_m,M06,425.57,acetonitrile
BOH-Acr_m,CAM-B3LYP-D3,374.26,acetonitrile
BOH-Acr_m,B2GP-PLYP,418.6,acetonitrile
BOH-Acr_m,B97D3,645.96,acetonitrile
BOH-Acr_m,TPSS,624.54,acetonitrile
BOH-Acr_m,B2PLYP,428.2,acetonitrile
BOH-Acr_m,M06L,578.46,acetonitrile
BOH-Acr_m,$\omega$-B2PLYP,380.9,acetonitrile
PDI_1,$\omega$-B97XD,462.82,dichloromethane
PDI_1,M062X,466.66,dichloromethane
PDI_1,CAM-B3LYP-D3,472.04,dichloromethane
PDI_1,TPSS,604.52,dichloromethane
PDI_1,DSD-BLYP,664.2,dichloromethane
PDI_1,$\omega$-B2PLYP,478.3,dichloromethane
PDI_1,TDHF,395.86,dichloromethane
PDI_1,B2GP-PLYP,520.9,dichloromethane
PDI_1,$\omega$-PBEPP86,494.6,dichloromethane
PDI_1,B2PLYP,540.3,dichloromethane
PDI_1,M06L,578.56,dichloromethane
PDI_1,B3LYP-D3,551.03,dichloromethane
PDI_1,SCS-PBE-QIDH,518.0,dichloromethane
PDI_1,PBE-D3,619.58,dichloromethane
PDI_1,M06,533.85,dichloromethane
PDI_1,STEOM-DLPNO-CCSD,484.5,dichloromethane
PDI_1,B97D3,616.9,dichloromethane
PA_1,B97D3,493.57,DMFA
PA_1,$\omega$-B2PLYP,317.9,DMFA
PA_1,$\omega$-PBEPP86,341.2,DMFA
PA_1,M06L,446.65,DMFA
PA_1,B2PLYP,372.9,DMFA
PA_1,DSD-BLYP,578.5,DMFA
PA_1,M06,373.1,DMFA
PA_1,B2GP-PLYP,355.8,DMFA
PA_1,M062X,323.82,DMFA
PA_1,TDHF,249.22,DMFA
PA_1,SCS-PBE-QIDH,353.0,DMFA
PA_1,PBE-D3,505.75,DMFA
PA_1,$\omega$-B97XD,322.27,DMFA
PA_1,STEOM-DLPNO-CCSD,408.8,DMFA
PA_1,TPSS,476.32,DMFA
PA_1,B3LYP-D3,395.74,DMFA
PA_1,CAM-B3LYP-D3,325.64,DMFA
Me2-Acr_1,B97D3,524.02,DMFA
Me2-Acr_1,TPSS,508.11,DMFA
Me2-Acr_1,SCS-PBE-QIDH,334.5,DMFA
Me2-Acr_1,B2GP-PLYP,353.3,DMFA
Me2-Acr_1,M062X,321.46,DMFA
Me2-Acr_1,DSD-BLYP,293.2,DMFA
Me2-Acr_1,B2PLYP,376.9,DMFA
Me2-Acr_1,$\omega$-B97XD,307.09,DMFA
Me2-Acr_1,STEOM-DLPNO-CCSD,370.6,DMFA
Me2-Acr_1,$\omega$-PBEPP86,266.7,DMFA
Me2-Acr_1,PBE-D3,536.1,DMFA
Me2-Acr_1,M06,379.84,DMFA
Me2-Acr_1,$\omega$-B2PLYP,266.1,DMFA
Me2-Acr_1,M06L,470.37,DMFA
Me2-Acr_1,B3LYP-D3,410.76,DMFA
Me2-Acr_1,CAM-B3LYP-D3,315.73,DMFA
Me2-Acr_1,TDHF,257.6,DMFA
PDI_3,TDHF,381.13,dichloromethane
PDI_3,B2PLYP,541.4,dichloromethane
PDI_3,SCS-PBE-QIDH,511.7,dichloromethane
PDI_3,$\omega$-PBEPP86,490.3,dichloromethane
PDI_3,$\omega$-B2PLYP,464.4,dichloromethane
PDI_3,M06,526.87,dichloromethane
PDI_3,M062X,456.14,dichloromethane
PDI_3,B2GP-PLYP,516.8,dichloromethane
PDI_3,B3LYP-D3,548.19,dichloromethane
PDI_3,$\omega$-B97XD,445.98,dichloromethane
PDI_3,M06L,602.77,dichloromethane
PDI_3,B97D3,644.25,dichloromethane
PDI_3,PBE-D3,657.56,dichloromethane
PDI_3,DSD-BLYP,707.8,dichloromethane
PDI_3,TPSS,693.26,dichloromethane
PDI_3,CAM-B3LYP-D3,454.34,dichloromethane
CA_3,SCS-PBE-QIDH,407.5,acetonitrile
CA_3,CAM-B3LYP-D3,364.43,acetonitrile
CA_3,M06L,536.44,acetonitrile
CA_3,B97D3,623.27,acetonitrile
CA_3,M06,452.19,acetonitrile
CA_3,M062X,368.91,acetonitrile
CA_3,B2GP-PLYP,421.1,acetonitrile
CA_3,DSD-BLYP,888.9,acetonitrile
CA_3,B2PLYP,448.9,acetonitrile
CA_3,$\omega$-PBEPP86,390.5,acetonitrile
CA_3,TPSS,632.1,acetonitrile
CA_3,$\omega$-B97XD,355.38,acetonitrile
CA_3,TDHF,249.74,acetonitrile
CA_3,B3LYP-D3,481.87,acetonitrile
CA_3,$\omega$-B2PLYP,343.3,acetonitrile
CA_3,PBE-D3,629.02,acetonitrile
NCE_2,M06L,433.4,acetonitrile
NCE_2,B97D3,474.93,acetonitrile
NCE_2,$\omega$-B2PLYP,328.1,acetonitrile
NCE_2,B3LYP-D3,391.64,acetonitrile
NCE_2,SCS-PBE-QIDH,359.2,acetonitrile
NCE_2,$\omega$-B97XD,326.51,acetonitrile
NCE_2,M06,376.6,acetonitrile
NCE_2,$\omega$-PBEPP86,341.6,acetonitrile
NCE_2,TDHF,285.9,acetonitrile
NCE_2,PBE-D3,481.25,acetonitrile
NCE_2,M062X,328.6,acetonitrile
NCE_2,STEOM-DLPNO-CCSD,377.8,acetonitrile
NCE_2,B2GP-PLYP,358.9,acetonitrile
NCE_2,CAM-B3LYP-D3,330.35,acetonitrile
NCE_2,DSD-BLYP,476.9,acetonitrile
NCE_2,TPSS,463.54,acetonitrile
NCE_2,B2PLYP,374.9,acetonitrile
PDI_2,SCS-PBE-QIDH,509.9,dichloromethane
PDI_2,B2GP-PLYP,514.6,dichloromethane
PDI_2,B2PLYP,538.5,dichloromethane
PDI_2,M06,534.89,dichloromethane
PDI_2,$\omega$-B2PLYP,467.4,dichloromethane
PDI_2,DSD-BLYP,663.2,dichloromethane
PDI_2,B97D3,640.21,dichloromethane
PDI_2,B3LYP-D3,553.17,dichloromethane
PDI_2,PBE-D3,644.8,dichloromethane
PDI_2,M06L,599.67,dichloromethane
PDI_2,TDHF,369.56,dichloromethane
PDI_2,TPSS,624.28,dichloromethane
PDI_2,STEOM-DLPNO-CCSD,489.6,dichloromethane
PDI_2,M062X,461.23,dichloromethane
PDI_2,CAM-B3LYP-D3,461.46,dichloromethane
PDI_2,$\omega$-PBEPP86,486.3,dichloromethane
PDI_2,$\omega$-B97XD,453.65,dichloromethane
NCE_1,M062X,317.19,acetonitrile
NCE_1,M06,356.65,acetonitrile
NCE_1,STEOM-DLPNO-CCSD,364.1,acetonitrile
NCE_1,B3LYP-D3,365.19,acetonitrile
NCE_1,B2GP-PLYP,341.2,acetonitrile
NCE_1,PBE-D3,421.66,acetonitrile
NCE_1,B97D3,419.45,acetonitrile
NCE_1,B2PLYP,354.3,acetonitrile
NCE_1,DSD-BLYP,424.7,acetonitrile
NCE_1,TPSS,409.8,acetonitrile
NCE_1,M06L,387.71,acetonitrile
NCE_1,$\omega$-B2PLYP,318.0,acetonitrile
NCE_1,TDHF,284.07,acetonitrile
NCE_1,$\omega$-B97XD,317.12,acetonitrile
NCE_1,CAM-B3LYP-D3,319.53,acetonitrile
NCE_1,SCS-PBE-QIDH,341.6,acetonitrile
NCE_1,$\omega$-PBEPP86,326.9,acetonitrile
Me2-Acr_2,PBE-D3,563.46,DMFA
Me2-Acr_2,B97D3,552.71,DMFA
Me2-Acr_2,TDHF,274.16,DMFA
Me2-Acr_2,DSD-BLYP,443.0,DMFA
Me2-Acr_2,M062X,330.14,DMFA
Me2-Acr_2,CAM-B3LYP-D3,324.95,DMFA
Me2-Acr_2,$\omega$-PBEPP86,332.0,DMFA
Me2-Acr_2,B3LYP-D3,429.06,DMFA
Me2-Acr_2,$\omega$-B2PLYP,321.9,DMFA
Me2-Acr_2,B2PLYP,376.1,DMFA
Me2-Acr_2,$\omega$-B97XD,315.18,DMFA
Me2-Acr_2,M06L,499.82,DMFA
Me2-Acr_2,SCS-PBE-QIDH,351.4,DMFA
Me2-Acr_2,B2GP-PLYP,354.7,DMFA
Me2-Acr_2,TPSS,533.65,DMFA
Me2-Acr_2,M06,394.5,DMFA
BF3-Acr_p,M062X,380.13,acetonitrile
BF3-Acr_p,STEOM-DLPNO-CCSD,431.8,acetonitrile
BF3-Acr_p,M06L,563.03,acetonitrile
BF3-Acr_p,M06,426.42,acetonitrile
BF3-Acr_p,SCS-PBE-QIDH,427.3,acetonitrile
BF3-Acr_p,DSD-BLYP,634.0,acetonitrile
BF3-Acr_p,$\omega$-B2PLYP,385.0,acetonitrile
BF3-Acr_p,PBE-D3,643.47,acetonitrile
BF3-Acr_p,TDHF,309.53,acetonitrile
BF3-Acr_p,$\omega$-B97XD,373.35,acetonitrile
BF3-Acr_p,B97D3,627.43,acetonitrile
BF3-Acr_p,B2PLYP,435.4,acetonitrile
BF3-Acr_p,CAM-B3LYP-D3,375.47,acetonitrile
BF3-Acr_p,B3LYP-D3,449.81,acetonitrile
BF3-Acr_p,$\omega$-PBEPP86,412.3,acetonitrile
BF3-Acr_p,TPSS,607.23,acetonitrile
BF3-Acr_p,B2GP-PLYP,424.8,acetonitrile
Eos_3,M06L,520.44,acetonitrile
Eos_3,TDHF,357.01,acetonitrile
Eos_3,$\omega$-PBEPP86,509.2,acetonitrile
Eos_3,B2PLYP,519.7,acetonitrile
Eos_3,B2GP-PLYP,514.1,acetonitrile
Eos_3,SCS-PBE-QIDH,534.4,acetonitrile
Eos_3,TPSS,535.32,acetonitrile
Eos_3,PBE-D3,637.38,acetonitrile
Eos_3,DSD-BLYP,1067.2,acetonitrile
Eos_3,CAM-B3LYP-D3,438.62,acetonitrile
Eos_3,M06,458.33,acetonitrile
Eos_3,M062X,438.19,acetonitrile
Eos_3,B3LYP-D3,482.38,acetonitrile
Eos_3,$\omega$-B2PLYP,468.7,acetonitrile
Eos_3,$\omega$-B97XD,436.12,acetonitrile
Eos_3,B97D3,602.19,acetonitrile
Eos_Y,M06L,498.4,acetonitrile
Eos_Y,DSD-BLYP,986.5,acetonitrile
Eos_Y,$\omega$-PBEPP86,477.7,acetonitrile
Eos_Y,M06,438.22,acetonitrile
Eos_Y,$\omega$-B97XD,415.13,acetonitrile
Eos_Y,$\omega$-B2PLYP,438.7,acetonitrile
Eos_Y,B2GP-PLYP,478.3,acetonitrile
Eos_Y,SCS-PBE-QIDH,497.8,acetonitrile
Eos_Y,TDHF,344.87,acetonitrile
Eos_Y,PBE-D3,564.15,acetonitrile
Eos_Y,B2PLYP,481.6,acetonitrile
Eos_Y,STEOM-DLPNO-CCSD,548.9,acetonitrile
Eos_Y,B97D3,554.63,acetonitrile
Eos_Y,TPSS,536.49,acetonitrile
Eos_Y,B3LYP-D3,449.57,acetonitrile
Eos_Y,M062X,424.3,acetonitrile
Eos_Y,CAM-B3LYP-D3,414.83,acetonitrile
CA_1,B2PLYP,454.5,acetonitrile
CA_1,TPSS,614.13,acetonitrile
CA_1,$\omega$-B97XD,354.53,acetonitrile
CA_1,M062X,369.13,acetonitrile
CA_1,PBE-D3,624.06,acetonitrile
CA_1,SCS-PBE-QIDH,416.8,acetonitrile
CA_1,B97D3,610.84,acetonitrile
CA_1,B2GP-PLYP,427.3,acetonitrile
CA_1,CAM-B3LYP-D3,362.21,acetonitrile
CA_1,M06L,537.24,acetonitrile
CA_1,DSD-BLYP,934.5,acetonitrile
CA_1,TDHF,252.61,acetonitrile
CA_1,$\omega$-PBEPP86,398.7,acetonitrile
CA_1,B3LYP-D3,473.33,acetonitrile
CA_1,$\omega$-B2PLYP,350.9,acetonitrile
CA_1,M06,438.33,acetonitrile
Eos_1,B3LYP-D3,471.67,acetonitrile
Eos_1,SCS-PBE-QIDH,531.4,acetonitrile
Eos_1,$\omega$-B2PLYP,464.9,acetonitrile
Eos_1,B2PLYP,511.6,acetonitrile
Eos_1,M06,460.26,acetonitrile
Eos_1,$\omega$-PBEPP86,507.7,acetonitrile
Eos_1,B97D3,594.54,acetonitrile
Eos_1,STEOM-DLPNO-CCSD,595.2,acetonitrile
Eos_1,DSD-BLYP,1033.6,acetonitrile
Eos_1,M06L,515.06,acetonitrile
Eos_1,M062X,444.2,acetonitrile
Eos_1,TDHF,358.43,acetonitrile
Eos_1,TPSS,521.43,acetonitrile
Eos_1,PBE-D3,629.24,acetonitrile
Eos_1,B2GP-PLYP,510.7,acetonitrile
Eos_1,CAM-B3LYP-D3,432.24,acetonitrile
Eos_1,$\omega$-B97XD,430.56,acetonitrile
Me2-Acr_3,$\omega$-B2PLYP,334.6,DMFA
Me2-Acr_3,TDHF,278.11,DMFA
Me2-Acr_3,B3LYP-D3,430.83,DMFA
Me2-Acr_3,$\omega$-B97XD,328.06,DMFA
Me2-Acr_3,STEOM-DLPNO-CCSD,395.4,DMFA
Me2-Acr_3,M06L,492.69,DMFA
Me2-Acr_3,CAM-B3LYP-D3,340.37,DMFA
Me2-Acr_3,M062X,344.1,DMFA
Me2-Acr_3,PBE-D3,547.56,DMFA
Me2-Acr_3,DSD-BLYP,508.6,DMFA
Me2-Acr_3,B2GP-PLYP,377.5,DMFA
Me2-Acr_3,B97D3,540.98,DMFA
Me2-Acr_3,$\omega$-PBEPP86,349.2,DMFA
Me2-Acr_3,B2PLYP,402.9,DMFA
Me2-Acr_3,TPSS,527.49,DMFA
Me2-Acr_3,SCS-PBE-QIDH,372.8,DMFA
Me2-Acr_3,M06,400.0,DMFA
Eos_2,B2PLYP,512.0,acetonitrile
Eos_2,B97D3,618.2,acetonitrile
Eos_2,$\omega$-B2PLYP,462.9,acetonitrile
Eos_2,M06L,530.37,acetonitrile
Eos_2,$\omega$-B97XD,432.14,acetonitrile
Eos_2,B2GP-PLYP,509.9,acetonitrile
Eos_2,M062X,443.47,acetonitrile
Eos_2,SCS-PBE-QIDH,530.2,acetonitrile
Eos_2,TDHF,356.42,acetonitrile
Eos_2,TPSS,552.15,acetonitrile
Eos_2,DSD-BLYP,1045.5,acetonitrile
Eos_2,CAM-B3LYP-D3,434.2,acetonitrile
Eos_2,PBE-D3,656.12,acetonitrile
Eos_2,M06,458.54,acetonitrile
Eos_2,$\omega$-PBEPP86,506.0,acetonitrile
Eos_2,B3LYP-D3,474.52,acetonitrile
POZ_4,B3LYP-D3,362.55,DMAC
POZ_4,M06L,395.8,DMAC
POZ_4,SCS-PBE-QIDH,325.5,DMAC
POZ_4,STEOM-DLPNO-CCSD,333.7,DMAC
POZ_4,CAM-B3LYP-D3,315.76,DMAC
POZ_4,$\omega$-PBEPP86,317.3,DMAC
POZ_4,$\omega$-B2PLYP,306.4,DMAC
POZ_4,M062X,308.41,DMAC
POZ_4,DSD-BLYP,431.9,DMAC
POZ_4,PBE-D3,440.38,DMAC
POZ_4,$\omega$-B97XD,314.49,DMAC
POZ_4,B2GP-PLYP,328.9,DMAC
POZ_4,M06,352.78,DMAC
POZ_4,B2PLYP,344.1,DMAC
POZ_4,B97D3,430.9,DMAC
POZ_4,TDHF,255.35,DMAC
POZ_4,TPSS,417.45,DMAC
POZ_3,CAM-B3LYP-D3,331.04,DMAC
POZ_3,$\omega$-B97XD,325.93,DMAC
POZ_3,PBE-D3,467.63,DMAC
POZ_3,B3LYP-D3,387.76,DMAC
POZ_3,DSD-BLYP,465.8,DMAC
POZ_3,M06,376.78,DMAC
POZ_3,$\omega$-PBEPP86,336.4,DMAC
POZ_3,M06L,425.78,DMAC
POZ_3,SCS-PBE-QIDH,349.4,DMAC
POZ_3,STEOM-DLPNO-CCSD,360.8,DMAC
POZ_3,TPSS,447.41,DMAC
POZ_3,B2PLYP,371.8,DMAC
POZ_3,TDHF,267.09,DMAC
POZ_3,B2GP-PLYP,353.0,DMAC
POZ_3,B97D3,457.5,DMAC
POZ_3,M062X,327.08,DMAC
POZ_3,$\omega$-B2PLYP,324.2,DMAC
BF3-Acr_m,TDHF,309.3,acetonitrile
BF3-Acr_m,M06L,562.08,acetonitrile
BF3-Acr_m,$\omega$-PBEPP86,409.6,acetonitrile
BF3-Acr_m,DSD-BLYP,625.3,acetonitrile
BF3-Acr_m,TPSS,605.45,acetonitrile
BF3-Acr_m,M062X,378.4,acetonitrile
BF3-Acr_m,B3LYP-D3,449.07,acetonitrile
BF3-Acr_m,B97D3,625.67,acetonitrile
BF3-Acr_m,PBE-D3,641.58,acetonitrile
BF3-Acr_m,$\omega$-B2PLYP,382.8,acetonitrile
BF3-Acr_m,B2PLYP,431.6,acetonitrile
BF3-Acr_m,M06,421.52,acetonitrile
BF3-Acr_m,SCS-PBE-QIDH,424.3,acetonitrile
BF3-Acr_m,$\omega$-B97XD,372.66,acetonitrile
BF3-Acr_m,STEOM-DLPNO-CCSD,428.0,acetonitrile
BF3-Acr_m,CAM-B3LYP-D3,374.45,acetonitrile
BF3-Acr_m,B2GP-PLYP,421.6,acetonitrile
BF3-Acr_o,STEOM-DLPNO-CCSD,416.1,acetonitrile
BF3-Acr_o,M06L,458.24,acetonitrile
BF3-Acr_o,M06,409.08,acetonitrile
BF3-Acr_o,B2GP-PLYP,410.0,acetonitrile
BF3-Acr_o,B97D3,505.12,acetonitrile
BF3-Acr_o,PBE-D3,506.72,acetonitrile
BF3-Acr_o,DSD-BLYP,606.9,acetonitrile
BF3-Acr_o,B3LYP-D3,417.03,acetonitrile
BF3-Acr_o,SCS-PBE-QIDH,413.0,acetonitrile
BF3-Acr_o,$\omega$-B2PLYP,373.2,acetonitrile
BF3-Acr_o,CAM-B3LYP-D3,367.74,acetonitrile
BF3-Acr_o,TPSS,490.34,acetonitrile
BF3-Acr_o,$\omega$-B97XD,366.37,acetonitrile
BF3-Acr_o,TDHF,307.07,acetonitrile
BF3-Acr_o,M062X,369.76,acetonitrile
BF3-Acr_o,$\omega$-PBEPP86,399.2,acetonitrile
BF3-Acr_o,B2PLYP,419.0,acetonitrile
Rh_B,SCS-PBE-QIDH,541.5,ethanol
Rh_B,M062X,454.14,ethanol
Rh_B,CAM-B3LYP-D3,441.92,ethanol
Rh_B,$\omega$-PBEPP86,514.8,ethanol
Rh_B,B2PLYP,524.2,ethanol
Rh_B,B3LYP-D3,482.9,ethanol
Rh_B,M06,464.74,ethanol
Rh_B,$\omega$-B97XD,440.29,ethanol
Rh_B,DSD-BLYP,1152.7,ethanol
Rh_B,M06L,498.58,ethanol
Rh_B,TDHF,363.58,ethanol
Rh_B,B2GP-PLYP,517.9,ethanol
Rh_B,PBE-D3,544.77,ethanol
Rh_B,B97D3,537.05,ethanol
Rh_B,$\omega$-B2PLYP,469.5,ethanol
Rh_B,TPSS,526.79,ethanol
BOH-Acr_o,CAM-B3LYP-D3,374.75,acetonitrile
BOH-Acr_o,DSD-BLYP,613.8,acetonitrile
BOH-Acr_o,PBE-D3,680.59,acetonitrile
BOH-Acr_o,$\omega$-B97XD,373.08,acetonitrile
BOH-Acr_o,$\omega$-B2PLYP,383.1,acetonitrile
BOH-Acr_o,TDHF,312.21,acetonitrile
BOH-Acr_o,$\omega$-PBEPP86,409.1,acetonitrile
BOH-Acr_o,M062X,378.54,acetonitrile
BOH-Acr_o,B2PLYP,430.8,acetonitrile
BOH-Acr_o,SCS-PBE-QIDH,423.6,acetonitrile
BOH-Acr_o,B3LYP-D3,466.21,acetonitrile
BOH-Acr_o,B2GP-PLYP,421.0,acetonitrile
BOH-Acr_o,M06L,590.37,acetonitrile
BOH-Acr_o,M06,418.24,acetonitrile
BOH-Acr_o,TPSS,470.25,acetonitrile
BOH-Acr_o,STEOM-DLPNO-CCSD,423.6,acetonitrile
BOH-Acr_o,B97D3,661.02,acetonitrile
PA_3,B3LYP-D3,417.83,DMFA
PA_3,TPSS,781.46,DMFA
PA_3,CAM-B3LYP-D3,329.54,DMFA
PA_3,M06,486.18,DMFA
PA_3,DSD-BLYP,524.3,DMFA
PA_3,STEOM-DLPNO-CCSD,440.4,DMFA
PA_3,M062X,374.31,DMFA
PA_3,B2GP-PLYP,444.2,DMFA
PA_3,$\omega$-B2PLYP,348.4,DMFA
PA_3,B97D3,818.04,DMFA
PA_3,SCS-PBE-QIDH,375.4,DMFA
PA_3,$\omega$-PBEPP86,365.0,DMFA
PA_3,PBE-D3,824.24,DMFA
PA_3,$\omega$-B97XD,324.42,DMFA
PA_3,M06L,677.77,DMFA
PA_3,TDHF,248.43,DMFA
PA_3,B2PLYP,486.2,DMFA
Mes-Acr_1,B2GP-PLYP,407.9,acetonitrile
Mes-Acr_1,CAM-B3LYP-D3,369.32,acetonitrile
Mes-Acr_1,B3LYP-D3,458.34,acetonitrile
Mes-Acr_1,$\omega$-B97XD,367.98,acetonitrile
Mes-Acr_1,$\omega$-B2PLYP,373.0,acetonitrile
Mes-Acr_1,$\omega$-PBEPP86,396.9,acetonitrile
Mes-Acr_1,PBE-D3,595.32,acetonitrile
Mes-Acr_1,B2PLYP,416.9,acetonitrile
Mes-Acr_1,M062X,369.65,acetonitrile
Mes-Acr_1,SCS-PBE-QIDH,410.5,acetonitrile
Mes-Acr_1,B97D3,585.43,acetonitrile
Mes-Acr_1,TDHF,310.43,acetonitrile
Mes-Acr_1,DSD-BLYP,582.5,acetonitrile
Mes-Acr_1,TPSS,557.78,acetonitrile
Mes-Acr_1,M06,435.17,acetonitrile
Mes-Acr_1,M06L,531.89,acetonitrile
NCE_4,B2PLYP,367.8,acetonitrile
NCE_4,$\omega$-B2PLYP,327.2,acetonitrile
NCE_4,TDHF,298.19,acetonitrile
NCE_4,DSD-BLYP,388.5,acetonitrile
NCE_4,TPSS,548.89,acetonitrile
NCE_4,SCS-PBE-QIDH,347.3,acetonitrile
NCE_4,$\omega$-PBEPP86,330.3,acetonitrile
NCE_4,M062X,336.54,acetonitrile
NCE_4,$\omega$-B97XD,327.75,acetonitrile
NCE_4,B97D3,562.88,acetonitrile
NCE_4,M06,389.41,acetonitrile
NCE_4,M06L,504.59,acetonitrile
NCE_4,B3LYP-D3,411.17,acetonitrile
NCE_4,B2GP-PLYP,350.0,acetonitrile
NCE_4,CAM-B3LYP-D3,334.59,acetonitrile
NCE_4,PBE-D3,574.17,acetonitrile
PTZ_3,DSD-BLYP,400.6,DMAC
PTZ_3,TPSS,428.59,DMAC
PTZ_3,M06,361.38,DMAC
PTZ_3,TDHF,266.99,DMAC
PTZ_3,B2GP-PLYP,351.7,DMAC
PTZ_3,M062X,318.23,DMAC
PTZ_3,$\omega$-PBEPP86,309.9,DMAC
PTZ_3,CAM-B3LYP-D3,316.56,DMAC
PTZ_3,$\omega$-B2PLYP,306.5,DMAC
PTZ_3,PBE-D3,449.04,DMAC
PTZ_3,B97D3,441.68,DMAC
PTZ_3,B2PLYP,370.5,DMAC
PTZ_3,SCS-PBE-QIDH,340.4,DMAC
PTZ_3,$\omega$-B97XD,314.13,DMAC
PTZ_3,B3LYP-D3,372.25,DMAC
PTZ_3,M06L,411.68,DMAC
Ph-Acr_1,B97D3,531.34,acetonitrile
Ph-Acr_1,SCS-PBE-QIDH,467.9,acetonitrile
Ph-Acr_1,STEOM-DLPNO-CCSD,512.5,acetonitrile
Ph-Acr_1,M06,436.59,acetonitrile
Ph-Acr_1,M062X,401.87,acetonitrile
Ph-Acr_1,PBE-D3,540.26,acetonitrile
Ph-Acr_1,TPSS,521.7,acetonitrile
Ph-Acr_1,$\omega$-B2PLYP,401.8,acetonitrile
Ph-Acr_1,B2GP-PLYP,458.5,acetonitrile
Ph-Acr_1,CAM-B3LYP-D3,394.07,acetonitrile
Ph-Acr_1,$\omega$-B97XD,392.39,acetonitrile
Ph-Acr_1,$\omega$-PBEPP86,442.1,acetonitrile
Ph-Acr_1,B3LYP-D3,456.47,acetonitrile
Ph-Acr_1,M06L,488.79,acetonitrile
Ph-Acr_1,DSD-BLYP,947.8,acetonitrile
Ph-Acr_1,TDHF,315.35,acetonitrile
Ph-Acr_1,B2PLYP,475.0,acetonitrile
PTZ_2,B3LYP-D3,305.82,DMAC
PTZ_2,CAM-B3LYP-D3,269.93,DMAC
PTZ_2,B2PLYP,298.4,DMAC
PTZ_2,$\omega$-PBEPP86,279.8,DMAC
PTZ_2,TDHF,230.21,DMAC
PTZ_2,DSD-BLYP,392.3,DMAC
PTZ_2,SCS-PBE-QIDH,289.4,DMAC
PTZ_2,B97D3,358.93,DMAC
PTZ_2,TPSS,349.96,DMAC
PTZ_2,M06,296.62,DMAC
PTZ_2,$\omega$-B97XD,268.99,DMAC
PTZ_2,B2GP-PLYP,287.7,DMAC
PTZ_2,M062X,272.54,DMAC
PTZ_2,PBE-D3,366.76,DMAC
PTZ_2,M06L,334.28,DMAC
PTZ_2,$\omega$-B2PLYP,269.3,DMAC
PTZ_2,STEOM-DLPNO-CCSD,300.5,DMAC
BOH-Acr_p,CAM-B3LYP-D3,371.94,acetonitrile
BOH-Acr_p,M06,426.36,acetonitrile
BOH-Acr_p,M062X,376.14,acetonitrile
BOH-Acr_p,PBE-D3,668.47,acetonitrile
BOH-Acr_p,SCS-PBE-QIDH,422.7,acetonitrile
BOH-Acr_p,DSD-BLYP,612.9,acetonitrile
BOH-Acr_p,M06L,582.64,acetonitrile
BOH-Acr_p,B2GP-PLYP,420.0,acetonitrile
BOH-Acr_p,$\omega$-B97XD,370.75,acetonitrile
BOH-Acr_p,TDHF,310.66,acetonitrile
BOH-Acr_p,$\omega$-PBEPP86,408.0,acetonitrile
BOH-Acr_p,B97D3,650.53,acetonitrile
BOH-Acr_p,STEOM-DLPNO-CCSD,424.5,acetonitrile
BOH-Acr_p,B3LYP-D3,460.25,acetonitrile
BOH-Acr_p,TPSS,628.88,acetonitrile
BOH-Acr_p,$\omega$-B2PLYP,382.0,acetonitrile
BOH-Acr_p,B2PLYP,429.9,acetonitrile
Rh_6G,B2PLYP,491.3,methanol
Rh_6G,M06L,476.97,methanol
Rh_6G,$\omega$-B2PLYP,446.8,methanol
Rh_6G,PBE-D3,516.51,methanol
Rh_6G,SCS-PBE-QIDH,507.9,methanol
Rh_6G,M06,447.07,methanol
Rh_6G,B2GP-PLYP,485.8,methanol
Rh_6G,TPSS,489.79,methanol
Rh_6G,B97D3,507.06,methanol
Rh_6G,TDHF,352.94,methanol
Rh_6G,B3LYP-D3,458.99,methanol
Rh_6G,M062X,431.48,methanol
Rh_6G,CAM-B3LYP-D3,423.05,methanol
Rh_6G,$\omega$-PBEPP86,483.5,methanol
Rh_6G,$\omega$-B97XD,422.27,methanol
Rh_6G,DSD-BLYP,946.4,methanol
POZ_1,$\omega$-B97XD,342.61,DMAC
POZ_1,DSD-BLYP,517.3,DMAC
POZ_1,TDHF,281.37,DMAC
POZ_1,CAM-B3LYP-D3,351.1,DMAC
POZ_1,$\omega$-B2PLYP,347.8,DMAC
POZ_1,B3LYP-D3,454.63,DMAC
POZ_1,M06L,547.78,DMAC
POZ_1,B97D3,601.35,DMAC
POZ_1,B2GP-PLYP,387.7,DMAC
POZ_1,M062X,349.44,DMAC
POZ_1,M06,419.43,DMAC
POZ_1,TPSS,578.75,DMAC
POZ_1,$\omega$-PBEPP86,362.0,DMAC
POZ_1,PBE-D3,617.59,DMAC
POZ_1,SCS-PBE-QIDH,382.4,DMAC
POZ_1,B2PLYP,413.8,DMAC
